timestamp,session_id,pergunta,resposta,execucao
16/04/2026 11:24:59,a75dd551-717d-42b7-ad9f-c6544dad207d,Filtre os empreendimentos de concessões rodoviárias para avaliarmos,"Não encontrei empreendimentos que apareçam explicitamente como **concessões rodoviárias** na base com link de avaliação disponível.

O que identifiquei na base:
- **Setor Rodoviário:** 273 registros
- Mas, ao buscar por termos como **“concessão”** no nome, grupo de modelagem, intervenção principal ou status, **não houve correspondências**.

Se quiser, posso seguir por uma destas abordagens:
1. **Listar todos os empreendimentos rodoviários com link de avaliação**
2. **Filtrar por status**: em execução, planejado, contratado etc.
3. **Filtrar por viabilidade**: viáveis ou melhores avaliados
4. **Filtrar por concessões rodoviárias por outra nomenclatura** caso você tenha um nome específico do lote/projeto

Se preferir, eu já posso te mostrar os **empreendimentos rodoviários disponíveis para avaliação**.","[{""tool"": ""dataframe_query"", ""tool_input"": ""import pandas as pd\n\n# Cruzar os dados e manter apenas empreendimentos com link de avaliação\nbase = pd.merge(df, df_alocemp, on='id_empreendimento', how='left')\nbase = base[base['link_formulario'].notna()]\n\n# Investigar valores reais para filtro categórico\nsetores = base['setor'].value_counts(dropna=False)\n# Filtrar concessões rodoviárias por interpretação direta do pedido\nfiltro = base[base['setor'].astype(str).str.contains('Rodovi', case=False, na=False) & base['nome_empreendimento'].astype(str).str.contains('concess', case=False, na=False)]\n\n# Se houver duplicatas por cenário, manter uma linha por empreendimento priorizando menor id_cenario (C1 > C2 > C3 > C4)\nfiltro = filtro.sort_values(['id_empreendimento', 'id_cenario']).drop_duplicates(subset=['id_empreendimento'], keep='first')\n\ncols = ['id_empreendimento', 'nome_empreendimento', 'link_formulario', 'setor', 'descr_status_empreendimento', 'id_cenario']\nresultado = filtro[cols].sort_values('id_empreendimento').head(20)\n\ntotal = filtro['id_empreendimento'].nunique()\nresultado, total, setores"", ""log"": ""\nInvoking: `dataframe_query` with `import pandas as pd\n\n# Cruzar os dados e manter apenas empreendimentos com link de avaliação\nbase = pd.merge(df, df_alocemp, on='id_empreendimento', how='left')\nbase = base[base['link_formulario'].notna()]\n\n# Investigar valores reais para filtro categórico\nsetores = base['setor'].value_counts(dropna=False)\n# Filtrar concessões rodoviárias por interpretação direta do pedido\nfiltro = base[base['setor'].astype(str).str.contains('Rodovi', case=False, na=False) & base['nome_empreendimento'].astype(str).str.contains('concess', case=False, na=False)]\n\n# Se houver duplicatas por cenário, manter uma linha por empreendimento priorizando menor id_cenario (C1 > C2 > C3 > C4)\nfiltro = filtro.sort_values(['id_empreendimento', 'id_cenario']).drop_duplicates(subset=['id_empreendimento'], keep='first')\n\ncols = ['id_empreendimento', 'nome_empreendimento', 'link_formulario', 'setor', 'descr_status_empreendimento', 'id_cenario']\nresultado = filtro[cols].sort_values('id_empreendimento').head(20)\n\ntotal = filtro['id_empreendimento'].nunique()\nresultado, total, setores`\n\n\n"", ""observation"": ""Resultado: (Empty DataFrame\nColumns: [id_empreendimento, nome_empreendimento, link_formulario, setor, descr_status_empreendimento, id_cenario]\nIndex: [], 0, setor\nRodoviário       273\nFerroviário      140\nAeroportuário     26\nDutoviário         8\nHidroviário        4\nName: count, dtype: int64)""}, {""tool"": ""dataframe_query"", ""tool_input"": ""import pandas as pd\nbase = pd.merge(df, df_alocemp, on='id_empreendimento', how='left')\nbase = base[base['link_formulario'].notna()]\n\n# Filtrar setor rodoviário e procurar termos relacionados a concessão no nome ou grupo/modelagem/status\nrod = base[base['setor'].astype(str).str.contains('Rodovi', case=False, na=False)]\nmask = (\n    rod['nome_empreendimento'].astype(str).str.contains('concess', case=False, na=False) |\n    rod['grupo_modelagem'].astype(str).str.contains('concess', case=False, na=False) |\n    rod['intervencao_principal'].astype(str).str.contains('concess', case=False, na=False) |\n    rod['descr_status_empreendimento'].astype(str).str.contains('concess', case=False, na=False)\n)\nres = rod[mask].sort_values(['id_empreendimento','id_cenario']).drop_duplicates('id_empreendimento', keep='first')\ncols = ['id_empreendimento','nome_empreendimento','link_formulario','setor','descr_status_empreendimento','grupo_modelagem','id_cenario']\nout = res[cols].sort_values('id_empreendimento').head(20)\ntotal = res['id_empreendimento'].nunique()\nout, total"", ""log"": ""\nInvoking: `dataframe_query` with `import pandas as pd\nbase = pd.merge(df, df_alocemp, on='id_empreendimento', how='left')\nbase = base[base['link_formulario'].notna()]\n\n# Filtrar setor rodoviário e procurar termos relacionados a concessão no nome ou grupo/modelagem/status\nrod = base[base['setor'].astype(str).str.contains('Rodovi', case=False, na=False)]\nmask = (\n    rod['nome_empreendimento'].astype(str).str.contains('concess', case=False, na=False) |\n    rod['grupo_modelagem'].astype(str).str.contains('concess', case=False, na=False) |\n    rod['intervencao_principal'].astype(str).str.contains('concess', case=False, na=False) |\n    rod['descr_status_empreendimento'].astype(str).str.contains('concess', case=False, na=False)\n)\nres = rod[mask].sort_values(['id_empreendimento','id_cenario']).drop_duplicates('id_empreendimento', keep='first')\ncols = ['id_empreendimento','nome_empreendimento','link_formulario','setor','descr_status_empreendimento','grupo_modelagem','id_cenario']\nout = res[cols].sort_values('id_empreendimento').head(20)\ntotal = res['id_empreendimento'].nunique()\nout, total`\n\n\n"", ""observation"": ""Resultado: (Empty DataFrame\nColumns: [id_empreendimento, nome_empreendimento, link_formulario, setor, descr_status_empreendimento, grupo_modelagem, id_cenario]\nIndex: [], 0)""}]"
