id_empreendimento,link_formulario
1970,https://docs.google.com/forms/d/e/1FAIpQLScelsJyCYTeQsW3huAzJb5rn0DLb5CdTnT9dLkvUuH4uWa75g/viewform
1949,https://docs.google.com/forms/d/e/1FAIpQLScCag0pCN7V_2riUmRpt7fEv-p4RXJnGHva_S8DHzAe-rI_ug/viewform
1947,https://docs.google.com/forms/d/e/1FAIpQLScm69OEftFcQ854PcRrCN46pO0LeCqScCRuvRzKr7ZhIa5y1w/viewform
1946,https://docs.google.com/forms/d/e/1FAIpQLSefaYnC61_WdaCGcusfv17xZBMFGkszTcOjeN5SK-ljB3LqpA/viewform
1945,https://docs.google.com/forms/d/e/1FAIpQLSfdtVwxFYtWJ5EqjWOjVGUkarpQCQImuwgRVnNHlqESNIgJIQ/viewform
1944,https://docs.google.com/forms/d/e/1FAIpQLScg_4KuDrB39qWZSdFhoPgOYUl8B0KJLg6XdZ-Nw5xuhZB3PA/viewform
1943,https://docs.google.com/forms/d/e/1FAIpQLSdVqgb8pDChd42AoQXTrgPCFtfPtDCQpE0O9HinfQ68OBWVOw/viewform
1942,https://docs.google.com/forms/d/e/1FAIpQLSeACZMhNwy16-iOlw50-RtwmcA6sYEdvh5mCOvud-wsI468rA/viewform
1941,https://docs.google.com/forms/d/e/1FAIpQLScCV2Fu-PtiBMiUAlaDvfi-jMaUu_E-7ViBqjlT8-BPYtyf8w/viewform
1940,https://docs.google.com/forms/d/e/1FAIpQLSccX7N-bKj7UDUhht26LY2_vlRok6v5UwlaAwYVcTpSBv9b7w/viewform
1939,https://docs.google.com/forms/d/e/1FAIpQLScfttnx3OitxdXOsh8akHiXpdT_Ev7lCCB-sFri2zf6JyCr3g/viewform
1938,https://docs.google.com/forms/d/e/1FAIpQLSfohV4VmzWKITTw7hDmSafsWijIi_2W4n64W2jg8nmctrs_Vw/viewform
1937,https://docs.google.com/forms/d/e/1FAIpQLSfERGfw0mUHVh2yThuYM6xgHcWtD8vcqvllJ7Nre-ggJCjOsA/viewform
1936,https://docs.google.com/forms/d/e/1FAIpQLSd52SRw9A6wcQgtZc5uRtgohFKGucYjandGogtgGQRsRhfH4w/viewform
1935,https://docs.google.com/forms/d/e/1FAIpQLScUby6Bcx1TGXFrNyU1rYzDVUaLmcHRT0HJfdgKPDSlCEWd4A/viewform
1934,https://docs.google.com/forms/d/e/1FAIpQLSdmjXFw6tatHNGkSy5fEWpAVyjRvIHHOekOdDM-VTHPQarU-A/viewform
1932,https://docs.google.com/forms/d/e/1FAIpQLSeq2VygKeTRicvwT_q1wX-8UBwZQsY0Vlg4ylaestmx9kY5_g/viewform
1931,https://docs.google.com/forms/d/e/1FAIpQLSeXZb1dJ2E1OMjKe2rA3NZYnOvMjIeqZu1uD6zMYms18FVErQ/viewform
1930,https://docs.google.com/forms/d/e/1FAIpQLSfYzPrlpWDON7kvnK-OF1HNPtNC82RffdKEkPYX3GJgdIh8xA/viewform
1929,https://docs.google.com/forms/d/e/1FAIpQLSc5ympCmgn1DburmJAjdWFi0BTIsg3JuRuuLSIJXjYMdw8LIA/viewform
1924,https://docs.google.com/forms/d/e/1FAIpQLSdOC92GMC2vnD4X3r1BTQgOvxJHAmdzf5rAxig01q5dfStFmA/viewform
1065,https://docs.google.com/forms/d/e/1FAIpQLSfGhXy-7aJgd2T12W74jml0R_HqaSGJexUr4D4v1s-gDqeoWw/viewform
1060,https://docs.google.com/forms/d/e/1FAIpQLScmoP95u5AcnReQF1aMNcqAJQilYJOY7LKPW4wF_32e3FxRiw/viewform
1059,https://docs.google.com/forms/d/e/1FAIpQLSeSQVnq4FeEd4AnpKKTw8eo9VymkRRtKm3gyr7FBx4paXxS2Q/viewform
1058,https://docs.google.com/forms/d/e/1FAIpQLSeu7UpKHMGLrP9_9t8HaGrI4X-aGvuKhjsg-gPr3swTPLnzKA/viewform
1057,https://docs.google.com/forms/d/e/1FAIpQLSeLdz9RJ7n1ExxE0Js2hITsycRT5mP50G4gjbryB0SCOyXo3g/viewform
1056,https://docs.google.com/forms/d/e/1FAIpQLSdFqCfgKdRlLLqXzqtXCTSwSAoyoVnmsXhABiuFoXO0qdg5qg/viewform
1055,https://docs.google.com/forms/d/e/1FAIpQLScwOLJaBjybQVo1PdP3orxUbdYlI8j7wsKmMmgvAvkn9Exipg/viewform
1054,https://docs.google.com/forms/d/e/1FAIpQLSc0ML86EPtzxDw-JP1EfBEoW9s3I4Bo4Eg83Q5nrNCoe8CwnQ/viewform
1053,https://docs.google.com/forms/d/e/1FAIpQLScVdT1Ii-i3NO16mvddn7BwzEDHinZu8FlRyQa9mYM10m9lcA/viewform
1052,https://docs.google.com/forms/d/e/1FAIpQLSc93G5TLeW8yuUw28AuqKSHFdmHteXqhaN_etMIJyXyOkBTUQ/viewform
1051,https://docs.google.com/forms/d/e/1FAIpQLScM552ytOBwUAPNenav6_urreMQYHgXvs7Me6Dg1hm1XXBMIw/viewform
1050,https://docs.google.com/forms/d/e/1FAIpQLSeFmkMkMtqDLTJ8CwCrUesotQsangW2RNHQsl7ojfDcaDPQsQ/viewform
1049,https://docs.google.com/forms/d/e/1FAIpQLSeT1R_lY9mjWgQXZIo3vK303hrxKC-WuK-wnhg-O-XHdyHkbQ/viewform
1048,https://docs.google.com/forms/d/e/1FAIpQLSf35HzAR2FaQTRbrRUY-x1-ovK4awq94D1UKsBIaWOnD-1MIQ/viewform
1047,https://docs.google.com/forms/d/e/1FAIpQLScp6mfreAlgkmKB3lvQBGE8_0gHjdzMHapHaDDVs_bqODQHiA/viewform
1046,https://docs.google.com/forms/d/e/1FAIpQLSf9m2oBRQUH-ZYPy61IJ0VMPiBEgw1pk3ED8KoNKEw-BpPd7A/viewform
1045,https://docs.google.com/forms/d/e/1FAIpQLSfOndna9Jjz40SKvI67QAYvnY49UAVkNPIn3lbUcfFbzUB52Q/viewform
1044,https://docs.google.com/forms/d/e/1FAIpQLSeU6NLU8KA8jyI9nSSR_6at5LvfyZ2tqziGPTvVM8A5bRWS7w/viewform
1043,https://docs.google.com/forms/d/e/1FAIpQLSdHxjRwcLTm-fGPC5ZCesXB1UqTH5A6DvgOFWCVZTrazQJrAQ/viewform
1042,https://docs.google.com/forms/d/e/1FAIpQLSewzWwbeKDtoIgG2WuZJUMZE_VlNQOzBfgmemt5UQzuiCRneg/viewform
1041,https://docs.google.com/forms/d/e/1FAIpQLSe0DhU9Ne7Le2p6_RqLx7zK31kZJnYMAUn65clhapjV4Bexmg/viewform
1040,https://docs.google.com/forms/d/e/1FAIpQLSd9_3OUh1EDlxkz2WdCOX7W3ub_WOgOCLR5sS8zPZuF8iXOfw/viewform
1039,https://docs.google.com/forms/d/e/1FAIpQLSeSp03b5bsddvCn-3AoyXd6aJzi0nH2J3DVHlgEXK3tb6tz3g/viewform
1038,https://docs.google.com/forms/d/e/1FAIpQLScJ5VqhnYX1U4NDyXSJqN7wORcYOLn67Swv8Qhqfpqo7wDlcw/viewform
1037,https://docs.google.com/forms/d/e/1FAIpQLSd8yAnuEYGUO7kFnap8QB4s7puDQThSl4SHFNZ65lj_qdRy7g/viewform
1036,https://docs.google.com/forms/d/e/1FAIpQLSftKZxhnitqwDhbBbXCNG4NHI_QTHlyu8RANUsyFKa0rZNCDQ/viewform
1032,https://docs.google.com/forms/d/e/1FAIpQLSeywrZ08sm-v5i7Rcbmt99w0RHaZULi2Vyw4bcH02jQtU9wiQ/viewform
1031,https://docs.google.com/forms/d/e/1FAIpQLSfDMnY40sNO3XwUFjShrs6W-9HopLmv5t35MGlnzqJ7nhoUDg/viewform
1030,https://docs.google.com/forms/d/e/1FAIpQLSdDSvnxPCTDRtpRGPknW541j8xwBfrzLUmaL6mOTY4ZtOI5IA/viewform
1029,https://docs.google.com/forms/d/e/1FAIpQLSfL9eNGLYb3IG4Q5MRC-jrzVEbqA6vVIiSW5F8Y8ouRb9vcjA/viewform
1025,https://docs.google.com/forms/d/e/1FAIpQLSfVUpVtO_DIFh-k_j5MSzHhx4qj9yRNdYoVtM1iA6xNKOqnuw/viewform
1024,https://docs.google.com/forms/d/e/1FAIpQLSeSukSvswW2kVCzvEc7KsF8EMd-jVsqr8dFpWj5oVEq6fWflg/viewform
1022,https://docs.google.com/forms/d/e/1FAIpQLSceLKVf7iml7gpEz7ly3yflQafR9ceQ8WMQMrVdwwv60T_uAA/viewform
1021,https://docs.google.com/forms/d/e/1FAIpQLScSVZc83XtuCooM3xEuFF-ElS41b-cbtwoTfBsh12FG0pTY9A/viewform
1020,https://docs.google.com/forms/d/e/1FAIpQLSc4RQYKnmm5jvxMVsbiBt1ruEb7KHUCw3-tlNWCt-N8xeRqlw/viewform
1019,https://docs.google.com/forms/d/e/1FAIpQLSf6wapBwb6PfYSCur68qcRLdoYXb8WuOmVCaNqW68YfTWngrA/viewform
1018,https://docs.google.com/forms/d/e/1FAIpQLSdUK3P_Hu4jOXO9YUsyrS-ro17drki2B9BxQyiynYmW2CMAJw/viewform
1017,https://docs.google.com/forms/d/e/1FAIpQLSdKO7ZHg9BOeh1Z54UlRdpxj4g2AXvit5OhF1vk3n9FatFCBg/viewform
1016,https://docs.google.com/forms/d/e/1FAIpQLSd4eMUGDx1xl8EpYBbdG2lPlv6qa6qjP_SCqvtc62wIblCzvA/viewform
1015,https://docs.google.com/forms/d/e/1FAIpQLSel-50hk-ZDhbeSSjNhmFll5lPqRtEvpyP48IXZHhguYHgfFw/viewform
1014,https://docs.google.com/forms/d/e/1FAIpQLSdGPtrJqCLvB7SQ_Pe4SCxOZrdswSUTOaSCqprrcmFl-oOTDA/viewform
1013,https://docs.google.com/forms/d/e/1FAIpQLSdwhzJiewLxd9ckTzWIx4dfG3te3UfujLc4m_CHiXUae1j0rg/viewform
1012,https://docs.google.com/forms/d/e/1FAIpQLSerZ-nq5HTHf9mjJeFqEq_XLlagWuEiVMkPlRjsJ63JBN5tyw/viewform
1011,https://docs.google.com/forms/d/e/1FAIpQLScLTidubWbz593zHTdNqDq95XcFyUnuk2oA7qaJug5NzbPeGw/viewform
1010,https://docs.google.com/forms/d/e/1FAIpQLScSExELyUvV78k9eIkkkIxhiiRLFyjaff1d4s-Tm7GYQRiCoA/viewform
1009,https://docs.google.com/forms/d/e/1FAIpQLScJATG-qclvDdbP-g7CHXIvB8auz0fxoDexalfZARppNeUipg/viewform
1008,https://docs.google.com/forms/d/e/1FAIpQLSelusl5vvuhFETlCViEMbQZq9fHTfyCy3rMV-otc4sLGoDQqg/viewform
1007,https://docs.google.com/forms/d/e/1FAIpQLSdZZPP10M5umXNkY9_Rch1NgQ11VSE-rIF66wP2aWe1RjHVpg/viewform
996,https://docs.google.com/forms/d/e/1FAIpQLScSs5NiNpl0bNS2BcrBzqk5Hz2MVChzUMZxV4K1SUXX4B8EcA/viewform
995,https://docs.google.com/forms/d/e/1FAIpQLSdVgNUV7K6GNmaIV4gr_XYs6fDaFOFww9DSWklk8Z21EUZb1g/viewform
994,https://docs.google.com/forms/d/e/1FAIpQLSfmheUhQv4bxcT-rLRo0e4eNV_biJX0c35PS0TZDo9orAj94w/viewform
993,https://docs.google.com/forms/d/e/1FAIpQLScicTXiaodopuPy3OLoZ5QVJmSfIsIyxIwjKOHL_2R2JALHeQ/viewform
992,https://docs.google.com/forms/d/e/1FAIpQLSeSKZUhHkr6V9p6I505rfBG7Ysy5HcUHs_A99-65vqHEM7o7g/viewform
981,https://docs.google.com/forms/d/e/1FAIpQLScqIGG95JIGyAQpXFOiHsfKWw-5DqzRu1a9aioeofPmdY3xJg/viewform
980,https://docs.google.com/forms/d/e/1FAIpQLSfFm0Us3cJ4xFuEL8IXeuZVNSn6RKMa4fgHQYHEjNfOgfbQXw/viewform
979,https://docs.google.com/forms/d/e/1FAIpQLSdM2gZ0OUwdIXYjXrc8b_UXv5A3IBUwavCmITO7fK5oDE53IQ/viewform
978,https://docs.google.com/forms/d/e/1FAIpQLScY30vWJyJgYzPvLScC4-I9-wGPIYZIIPd4QFKxYtuChdBomg/viewform
977,https://docs.google.com/forms/d/e/1FAIpQLScA4nUMRRE7WBXQnmiK82rrK0-koOUHOwJ7F-P-rWrPhkfDbA/viewform
976,https://docs.google.com/forms/d/e/1FAIpQLSeUaz8IJE1mHqN_fwG-AeCT99MSivZepm9Ej-1T-H3oxOW_yQ/viewform
975,https://docs.google.com/forms/d/e/1FAIpQLSe79kJECtfLIILtGCjY00tVw6vn3nEq-7q6XqzosQZ8NFq6Gw/viewform
974,https://docs.google.com/forms/d/e/1FAIpQLSebOxL_rR4pU-SA12dDlpWBLx61jOBi4yxRgSeSHTH6_QlJ2w/viewform
973,https://docs.google.com/forms/d/e/1FAIpQLSeXHz2kPF6cUBo9MiFQFV1iuGHbg2oiPNgLWXEJob248GJB5A/viewform
972,https://docs.google.com/forms/d/e/1FAIpQLScB9frurS9bsVM1BpdVKEUoAFxawBVxzKjTUlJsBskSKQMavQ/viewform
971,https://docs.google.com/forms/d/e/1FAIpQLScGS0XNalZvsg6msUYaWnUZ_NNpIMIYJEdO5sFSNA9ixELkvg/viewform
970,https://docs.google.com/forms/d/e/1FAIpQLScow2izBPvyswXuO_xJZxP54P0PqTytOwzm89S-8mqvmixOhw/viewform
969,https://docs.google.com/forms/d/e/1FAIpQLSch8cQRiysyGfUmDmpxHClh7ROd9Apq5Yctu4Ns9wszdYqscQ/viewform
968,https://docs.google.com/forms/d/e/1FAIpQLSd9GU1tF8HGQsbJCDwlO4aIEPV1CztgLkS9ucTFeMrv8PL5Cw/viewform
967,https://docs.google.com/forms/d/e/1FAIpQLSczfqCZEyyMMKLsgFzFVZUJGWC-JEyCuECnulLovdDp-Ii5bA/viewform
966,https://docs.google.com/forms/d/e/1FAIpQLSdnSjmBWPbBWXCfwb5AuCn_9QSsMLJBtNjG-x60KEZS-5XCRw/viewform
965,https://docs.google.com/forms/d/e/1FAIpQLSdKoSd1g_BlvTUmbEezNG29CzsfL5aIvxs-QyZrLwfAcHRBug/viewform
964,https://docs.google.com/forms/d/e/1FAIpQLSdDA3KVYYtrp4n0a5-qDQfYOV8-UoP_b_x38s8BBe8oJsOA9A/viewform
963,https://docs.google.com/forms/d/e/1FAIpQLSfF6hy0BBWPKFPamYFLCyCVW9_f2B_t0e3wAZoKGYcQqaSv7g/viewform
962,https://docs.google.com/forms/d/e/1FAIpQLSdYfaA-NBQsFbM7bOy_uvMs0eQ_TyihpfdWEcTKMtT_InyZmA/viewform
961,https://docs.google.com/forms/d/e/1FAIpQLSfK-4i-dCog9LrCphIDF3uKMcwy1S81rHoV8WaQCjBeoyBhow/viewform
960,https://docs.google.com/forms/d/e/1FAIpQLSf4qlO8_sxQfUZ0Y6Qa6dxa9qwEQt4prxSN_y8vVUnKr2btgQ/viewform
959,https://docs.google.com/forms/d/e/1FAIpQLSf3z2_G7OJP_cDdQCY70dIuJ-0Xwau59otP4z_JcMfGXqiblg/viewform
958,https://docs.google.com/forms/d/e/1FAIpQLScUCBMoiHnJNAveueWHn-XpAIZnpkmOlIaO5kJB7ZtTSkfh4g/viewform
957,https://docs.google.com/forms/d/e/1FAIpQLScBnUHH8jAX8eHaickGbswaE3E__twr_LCEbz92tmrne4DRiA/viewform
956,https://docs.google.com/forms/d/e/1FAIpQLSfQIyvHRO92V_DCrPy-IN_e1sKiW5RLaHd0ZAow9DkcZ4TLug/viewform
955,https://docs.google.com/forms/d/e/1FAIpQLSfD7AcCuqEIruwK_w8WKrsMCQCSMbgROBd3N-Xn-n1nOezG0w/viewform
954,https://docs.google.com/forms/d/e/1FAIpQLSfx5UNtXQW2G5bw6tL0xnKc0bBlYEH9z6QwpGOzFnvpwI8byg/viewform
953,https://docs.google.com/forms/d/e/1FAIpQLSc7g1PDhFpmRAE7AAlgcx95F8etfnvx6WnQeguP3FWWUkheXg/viewform
952,https://docs.google.com/forms/d/e/1FAIpQLSeMRGl5Vfc4YbRmFnB7aKHBBaOTapgMiS5NUVOtVsbB6COsvQ/viewform
951,https://docs.google.com/forms/d/e/1FAIpQLSfE_qjFSxLdhxSto40QhfdYLHXtOINtqkxuGvbgbHDC2rdSLA/viewform
950,https://docs.google.com/forms/d/e/1FAIpQLScDQOBDvt8lKBklNmSfsVIvyTKL_SSwVWXES61AZhcZZnjooQ/viewform
949,https://docs.google.com/forms/d/e/1FAIpQLSccJ_5d4YbyWVViOes_wuegEnIoO8NyB7e9goMZJY6_ejTEKg/viewform
948,https://docs.google.com/forms/d/e/1FAIpQLScZzBJHwVOCUc_monAwuPkJ727w4GMCxG5ASw1XlJzNyNaJdA/viewform
947,https://docs.google.com/forms/d/e/1FAIpQLSfonJfJZnk4kZdEBKGLmr3C3wmuUITqA2rQMXlOYj2rpQdi1g/viewform
946,https://docs.google.com/forms/d/e/1FAIpQLSdLaTlDUTT8I6_jXY7i97d5GZ2ihn656YIBkdF3lfgo1cfR7g/viewform
945,https://docs.google.com/forms/d/e/1FAIpQLSe6dJ4kLYRO-Rug8DTNtgUnozm9VrjPynbZhSvIUs45DhDJjw/viewform
944,https://docs.google.com/forms/d/e/1FAIpQLSf3W_r38V0AGm3EVpkloue7tYly-9RbBWDzDtTv7soJTZxvJA/viewform
943,https://docs.google.com/forms/d/e/1FAIpQLSeKzWnWpIUU4x9QdO6lDnUojUFD8VhdGMIr_zLReP5Bx4CUWQ/viewform
942,https://docs.google.com/forms/d/e/1FAIpQLSdi4jrmckm6nlsWz6P-JmYcWoQSS4w_HRRnF_WkKEoYDjtOtw/viewform
941,https://docs.google.com/forms/d/e/1FAIpQLSejZ3YllL6aMDHoH1S_elSh5X691oR1apqXaNrviv1Qx1qZxg/viewform
940,https://docs.google.com/forms/d/e/1FAIpQLSd8AT8n-JnpVi9f2gRuO1mg84bJ31LtuHANpaw6-awMjRRYGg/viewform
939,https://docs.google.com/forms/d/e/1FAIpQLSefc_IzV361yhGIhF6lBYF7Lk4_ryIpEQbl8mvGpWLIO3Dobw/viewform
938,https://docs.google.com/forms/d/e/1FAIpQLScRpns69LBusspYqq1ktxp6e8dcozuk-TWwAouuJle-RKwhyQ/viewform
937,https://docs.google.com/forms/d/e/1FAIpQLSdvMIP_FqZO7CAQLy6nI10XXafTSVkardSuB9ka1e7SOAamzg/viewform
936,https://docs.google.com/forms/d/e/1FAIpQLSd6JQxPz2WE5HZJ-x98UX1jx6lN_Z7OPX8B56Tc-iYviwBitg/viewform
935,https://docs.google.com/forms/d/e/1FAIpQLSfySaWmAlufdBWhzbrYmC2o87d4lqD7rXIrxrF010eqTyM9-w/viewform
934,https://docs.google.com/forms/d/e/1FAIpQLSfH-Rg-DY86_igv0TVHMew_zfubmr8OFUjYmVbqL5PQER3raQ/viewform
933,https://docs.google.com/forms/d/e/1FAIpQLSdlHMkSjbdFi9-xBsPFqJPVvuhG7QLJNWvzeqqkQri5F1oyYw/viewform
932,https://docs.google.com/forms/d/e/1FAIpQLSeTGk4gc7_uInp2IdMx08nkOE06drihwptpEsXNMaZ9tSKTVg/viewform
931,https://docs.google.com/forms/d/e/1FAIpQLSdmQXuyylBdhm7O0Wblg3QwZ3eHtzhSkSZuhrzVKpqrIH12TA/viewform
930,https://docs.google.com/forms/d/e/1FAIpQLSe1ljTC2aeo8Wpmw15s1_uBEks1GDlKqF_L-VXqP9ubVzDiEw/viewform
929,https://docs.google.com/forms/d/e/1FAIpQLScrqIzY-soQHalRT-pJH-4xEuq2p07hzsvCzFLf9AdMOVL5aw/viewform
928,https://docs.google.com/forms/d/e/1FAIpQLSeTcwHDD9QYSbVb3HZQnmyVLET-giwVgXdz5Y76QjFldRH3fw/viewform
927,https://docs.google.com/forms/d/e/1FAIpQLScTT3nJL9eyhVn1RlwqMFBH5Ug4TbwaSY1uB3hXzyvqNHHpXQ/viewform
926,https://docs.google.com/forms/d/e/1FAIpQLSdm2Inoiin9ffi9-bi5vW5lDy2k0dzfOwevZyp2nVFr8qIW0A/viewform
925,https://docs.google.com/forms/d/e/1FAIpQLSdAjUt5l7nx1vVeIwGpVlVK-KsqvBbBIX0jFDFyfVkoi6xhDg/viewform
924,https://docs.google.com/forms/d/e/1FAIpQLSek91rXQ9RgQK-SDC1codP-66op9UP1X05rdqGMjCTWWgK1pQ/viewform
923,https://docs.google.com/forms/d/e/1FAIpQLScJAaXC13hqIinM4Mqcce7rBPKbUUiAzyPYtCzDQCZiEDBucA/viewform
922,https://docs.google.com/forms/d/e/1FAIpQLSdk3qcmSyGtDwjVKu7N3T0k9P1hWWvY6L7zQmWLrTqIcODxGA/viewform
921,https://docs.google.com/forms/d/e/1FAIpQLScgv_E9UwzJAbfjXGJsZuqrxzz7ahMXyuhI82mJLkcWAL1Jxg/viewform
920,https://docs.google.com/forms/d/e/1FAIpQLScCsRxMGpou2Fa9RtMtKZw4wbTv2b6PdyWCd1LjElmxTdD1vg/viewform
919,https://docs.google.com/forms/d/e/1FAIpQLSflkxzQLT8fWG9T55E7vEDuKk33ENnbTtXMiPVQvFpXEGczeA/viewform
918,https://docs.google.com/forms/d/e/1FAIpQLSf7A5qAsR3mo1mJ76_4iSo6Gcx_XMIECJHsOTMlYwtZZOAu7A/viewform
917,https://docs.google.com/forms/d/e/1FAIpQLScDiezofPWWjzAD78NoyjR6vpqvPbQxhW6-Nl2xeMgEbvI56g/viewform
916,https://docs.google.com/forms/d/e/1FAIpQLSdAVItFexfC0u8JszAVIT6nua9XeZIlo1-9eoRywLWoZGOSEg/viewform
915,https://docs.google.com/forms/d/e/1FAIpQLScAnyL9ZeRzv3CUjqcvByymZV7-lYnvPetTKLyZrKWZE4L-6g/viewform
914,https://docs.google.com/forms/d/e/1FAIpQLSe1lVkShR5NOpUnZJOH396l1g1RmysKuAQc_HGQSyP6RGmkmA/viewform
913,https://docs.google.com/forms/d/e/1FAIpQLScQyjAFfwfnnLK9ypgZQoVU5h_D6AfUkiQDMY-NHsKps4HDdA/viewform
912,https://docs.google.com/forms/d/e/1FAIpQLScWiOwXW9uTsWXdVTib4jzpKtRx8feJvyCY7YqdYq-fm8EOjg/viewform
911,https://docs.google.com/forms/d/e/1FAIpQLSc7iVWv5OhTa-jMC-erNjNQvPzabQoDNgH0frVwOP3hDzaHmg/viewform
910,https://docs.google.com/forms/d/e/1FAIpQLScjvxhcF86iey9sbvprJ7WRHBEkHpDCelfqSb6DTb1daUkLvQ/viewform
909,https://docs.google.com/forms/d/e/1FAIpQLSeRxa1QYbHNAcUY85vuz3pRyIrqByFg1cIoOgOLw7MhdiTBiA/viewform
908,https://docs.google.com/forms/d/e/1FAIpQLSeLtYgqrFWhc_rlXtoQpXx1lqpQzz0lzfiMYuLgstxPRTJMuQ/viewform
907,https://docs.google.com/forms/d/e/1FAIpQLSfUAWevbtuDPXRikiUOFjVhPPpLEp1VZCQcrTyycN5D21Xn3A/viewform
906,https://docs.google.com/forms/d/e/1FAIpQLSeVOpCiAwRxXzJSVmYSsR2AcWlW_0g-Ael4LFe0wluhwxkRng/viewform
905,https://docs.google.com/forms/d/e/1FAIpQLSfzrXtJGD0YqDZqs17zeHKBMsUYJiP7aS3Tpz_9-q3pLfKixw/viewform
904,https://docs.google.com/forms/d/e/1FAIpQLSea04N1hx-3Z7SA9oGb6_6xmZeZEOV_rBz5Gz_y8_rvnK70hw/viewform
903,https://docs.google.com/forms/d/e/1FAIpQLSctOr-hL1qkzf9xYuAn2ziAgp2j_bPS4mTm9upyXfFcnUk6Ag/viewform
902,https://docs.google.com/forms/d/e/1FAIpQLScanokyknetfSIMCrLj1EYmxzQw7Q52I-PpNXBU_RGhz7-Z7w/viewform
901,https://docs.google.com/forms/d/e/1FAIpQLSeY9owAGsyX45_v_FzWW7bIPneE8nrDh6H-GUDC-Gpp7ieeiQ/viewform
900,https://docs.google.com/forms/d/e/1FAIpQLSctBK7uHFDham-52TH5oE7Zxkxk0bHvkYSGWDz4J9Cxk2PqGg/viewform
899,https://docs.google.com/forms/d/e/1FAIpQLSf4m4ki3jl2x1C4yCJ0TLQsJsyc5JwROw1JJE6Kqv1T0T9F_A/viewform
898,https://docs.google.com/forms/d/e/1FAIpQLScPGTAtK5M32luSClUaZfHCJzxB4m7FeAsxUKnbtIk9tRQg2w/viewform
897,https://docs.google.com/forms/d/e/1FAIpQLScBlV8mqMnn5M41AonSnVD1phNlh7wt86ESBZTfdD4lUC4Bbw/viewform
896,https://docs.google.com/forms/d/e/1FAIpQLSdFMGZv9_eELOUepD1DkDDX9m0gF6FH0cIK4sGff659AOtU7w/viewform
895,https://docs.google.com/forms/d/e/1FAIpQLSeD4Z8ownszz_YMVxBudwe6RpPGV7wpFYG0_qdCIh3HX6WJcg/viewform
894,https://docs.google.com/forms/d/e/1FAIpQLSci1-wNvYjEX54UOccqlQYW6pJL5a6S9llYwctsxZUMbQSqrA/viewform
893,https://docs.google.com/forms/d/e/1FAIpQLSefvp5ZtNAZ04qTXW1KJOvZZP3TJgXK3wn0NP5RXquhi-YnFg/viewform
892,https://docs.google.com/forms/d/e/1FAIpQLSf6Qp-ey8sebO5DjL3QIiIDRuzd2J4WikSGLHZTCaZ_C8LYjg/viewform
891,https://docs.google.com/forms/d/e/1FAIpQLSefT2bxAzrqvMToeaFYqm_KzjXAHIMfEgWJXN8HTCJgKaZOHw/viewform
890,https://docs.google.com/forms/d/e/1FAIpQLSeB2tz6Du8KX0lVNq9Hq5o1i9Xx6-GrR_xDd9logs16hlz6QA/viewform
889,https://docs.google.com/forms/d/e/1FAIpQLSetDAULzE9hnbJ7MWNXfcQPU7RvFcuoEwJUVe8LK2P7aCT63Q/viewform
888,https://docs.google.com/forms/d/e/1FAIpQLSevzVSYdP5cxE_PwdjOwjJIy53RHtd8EnJvQTowtGvaDwgn1Q/viewform
887,https://docs.google.com/forms/d/e/1FAIpQLScLJ8GhnhMAMGBrRU1MpAS7tDZi48Y7bFbDLr8l16fE3fTyhg/viewform
886,https://docs.google.com/forms/d/e/1FAIpQLSch7fUL9-72nj_7FFtpzfka3RNr9V22wosYr57p-2gPBQLrxw/viewform
885,https://docs.google.com/forms/d/e/1FAIpQLScU6VVwBsMSuq6DByoLbLxgcyOOLkfCBCIi4cno36oCLU4pNA/viewform
884,https://docs.google.com/forms/d/e/1FAIpQLSeZafaxhJaY2ZP8e9ZsU0HhI_AV-2S4n5DsnZ4rVOP-u6aVTg/viewform
883,https://docs.google.com/forms/d/e/1FAIpQLSeWwd7ti3vtJ3K2vmk8Tk9Hz0o3uBULYAZKGxX9Kn7MRmosZA/viewform
882,https://docs.google.com/forms/d/e/1FAIpQLSfLqC1cWHqIvDPsDZeA77VHis0WJoSzT5kt9PFQm0orWZynyg/viewform
881,https://docs.google.com/forms/d/e/1FAIpQLSe6pNwaPNJY7YjFJ4zbEy6sYcLmuASLlWEc9ojHNFPzTATajQ/viewform
880,https://docs.google.com/forms/d/e/1FAIpQLSfe-jRaP5IfaRN4WDSlfb2MFzj8B25gyBbBfeXKeq2mmVLgmQ/viewform
879,https://docs.google.com/forms/d/e/1FAIpQLScVs1L39o3hNazR7MFD7nKyP_VotbcAwuLFpzLmERUCIg3amA/viewform
878,https://docs.google.com/forms/d/e/1FAIpQLSdsTpxAvn4gZ7znrjY5E1RZUKZmlFD4t1Lzmh8ms-8-E3M4Mg/viewform
877,https://docs.google.com/forms/d/e/1FAIpQLSee0ruGrcKGjbYQkrCYV9ACqUkfBNGM-W2iyCi8CCNfebRu9Q/viewform
876,https://docs.google.com/forms/d/e/1FAIpQLSdjb3_CVpgs8BV1nSv6mAeJ5b3VP4cQXpyWpixd8vs-QGpLxg/viewform
875,https://docs.google.com/forms/d/e/1FAIpQLSfc2XP6vYyEJvl6TyQSz1GcIbUGflFwlGowTJqOpHTvXs1uWQ/viewform
874,https://docs.google.com/forms/d/e/1FAIpQLSdvgD1pe4sjKOgZIuJSLhVJD9x_Qf8hwtIjg9yosQdX1DcFXA/viewform
873,https://docs.google.com/forms/d/e/1FAIpQLSd7Z43p3Y9U-Zj5fndVfcQkwCkkm8o0g-fOEUX2OUw-Fbs_tA/viewform
872,https://docs.google.com/forms/d/e/1FAIpQLScp6E861Li2yojMSR10T4N3hWUieqs7_RbIxxbo8u0Jmj3gHw/viewform
871,https://docs.google.com/forms/d/e/1FAIpQLSeNOyXJoFShP7_83fMHm27QgjPNh0RdXDzZp28byUAO_PtwUw/viewform
870,https://docs.google.com/forms/d/e/1FAIpQLSenlXOZWpc9dFzIXfn-sihgo-AptB7qU_SmTjSXjRf-1JnL_A/viewform
869,https://docs.google.com/forms/d/e/1FAIpQLSfOUbMTyTl_w8-NQwr635Sy6IucpX7rS4EVPXtfpPmalcwA7Q/viewform
868,https://docs.google.com/forms/d/e/1FAIpQLSdcRLAu3IBbYEU88f66LJIXpq09Jy-z0Uh7TcdN4RvnGAOlcw/viewform
867,https://docs.google.com/forms/d/e/1FAIpQLSdWpXJls_Ey6GOvcMIOiC-BbOoUv-mGoDC8mIDgUD16S7tqGQ/viewform
866,https://docs.google.com/forms/d/e/1FAIpQLSffhn3ClZEJTvFYKeP1ATHDb5hXrrVf9Mi1iXTHLE1jZ-LO6Q/viewform
840,https://docs.google.com/forms/d/e/1FAIpQLSel5QYW8ClFwMJrvVF75SQTGX6wPgk6EEStVxHNEmXuhq-E4g/viewform
839,https://docs.google.com/forms/d/e/1FAIpQLSd5JANiFVO3xwD8Si-B_CfZpuGqx2x-7JRFId6DTHzkRRi6Wg/viewform
838,https://docs.google.com/forms/d/e/1FAIpQLSe9GJKOfEkob--RRMyXc3B-7DFc5AY88fDvJnmSNc1m1usRRQ/viewform
837,https://docs.google.com/forms/d/e/1FAIpQLSdheH2L5YZu82yO4xX2wLHujZO1ttXZZ8zVT4zkdeyGIktBEA/viewform
836,https://docs.google.com/forms/d/e/1FAIpQLSc0meLhU0VTHnnFoNmOUA3EnUMQyHj4PNHTUFFlSulFw4t1sw/viewform
835,https://docs.google.com/forms/d/e/1FAIpQLSc6bnJ7UIahdYJi9hbKbhfoLLF9l6jnCUddwkacQPe4ZyLkvg/viewform
834,https://docs.google.com/forms/d/e/1FAIpQLSex2XEpXVXsxQcMATLeeQ6oTFYXadmEebh6qiScoMHycSs6og/viewform
833,https://docs.google.com/forms/d/e/1FAIpQLSd3EG4gmDNgkGAmOflHf1ugy-4oRbNRK1IlQ7mctXyxaQr-0w/viewform
832,https://docs.google.com/forms/d/e/1FAIpQLSfQBysFT_qXpf0dFjkMpaRhnoTjaPTHysmKqC7HdroHkJR7fA/viewform
828,https://docs.google.com/forms/d/e/1FAIpQLSd3H3PwmAYKQnbKAGbTO_ryc-4TibeOyGKsc7PMiK-hjpw37g/viewform
826,https://docs.google.com/forms/d/e/1FAIpQLSe43UzAwHmlPOMT-JDUfwpJNEaqAceOvJKddouM5BbEx-112A/viewform
825,https://docs.google.com/forms/d/e/1FAIpQLSchxat2MmahcW4XJgdXVV1ttrQbehAYXerlSHAwVqK8aL586A/viewform
824,https://docs.google.com/forms/d/e/1FAIpQLSev9cHR5zqwwm2Quz508SQ5E28iz-19iJx9anRGjPulX93wTA/viewform
823,https://docs.google.com/forms/d/e/1FAIpQLSd5ZQXztmuk0aAs648z5b0caa6e1219AKKxx-nz3H_diIWUDQ/viewform
822,https://docs.google.com/forms/d/e/1FAIpQLScZhlunEpAp5w2aGT7KmUGlv2uVz2uiOatE2n4ojmofDOyXBw/viewform
820,https://docs.google.com/forms/d/e/1FAIpQLSfI2Yd_bOl34PSLiIECTdj4zSzwBRuuZLFwvSuI_MyhOFXWNQ/viewform
815,https://docs.google.com/forms/d/e/1FAIpQLSfYpE7LCbrbGjif8P2j-ih7sdxNkKuApT_-mBM2IBUykT8Uwg/viewform
814,https://docs.google.com/forms/d/e/1FAIpQLSdYpc7ek69eJ3L2PK2WWYUp7mmoMkbwYRXI5TYu0VwM8h3XJA/viewform
813,https://docs.google.com/forms/d/e/1FAIpQLSftyQGQc_iTq7DAdQk5MclfH7G7V7xgXYiaIdULaFxEZpq2rg/viewform
812,https://docs.google.com/forms/d/e/1FAIpQLSfHCdyLS8U4KOd5pVQ9Iy7DtrpxSs4GGrnpouAQ5y1B_Z0XLA/viewform
811,https://docs.google.com/forms/d/e/1FAIpQLSdS8AmhFmWZr2PEZ_bLZZtY6ApVIvT3qHJR7i2Tgafg96MOug/viewform
810,https://docs.google.com/forms/d/e/1FAIpQLSeFz9UPC9T03N9kL-PmfYojqU81mQB5KaXDQjDOQPFjHPMX9A/viewform
809,https://docs.google.com/forms/d/e/1FAIpQLSdsINwNUJbMEplhz8yzrL476MNicDJoUD_Uj2gOo1bJvdg7Yg/viewform
808,https://docs.google.com/forms/d/e/1FAIpQLScCKhXOAMl4xQXFKbZu178hcaGhxlGxiTFV7uEv4-Da_bpIMg/viewform
807,https://docs.google.com/forms/d/e/1FAIpQLSfELW64bj2aI87FcOSb8fKxZ27HIhT6xFcDW6BqR9k6VsOHXQ/viewform
805,https://docs.google.com/forms/d/e/1FAIpQLSekg1Snzy3dzBvjVyTWaWdDPxOOd-qS2bhi07YBf03gTKfipQ/viewform
804,https://docs.google.com/forms/d/e/1FAIpQLScWmR0NS_wj2gLl36eISuplzBT-nLGbnVE-WDimlYMy-gPTSQ/viewform
803,https://docs.google.com/forms/d/e/1FAIpQLSfF9q5baz9k7-ReAgx9R_GBysDgkiCjwC6AcQRnBgMrc3I-QA/viewform
802,https://docs.google.com/forms/d/e/1FAIpQLScc3hzUL1LJzUW_bkR63B_3c1IwbAk8NkZAQwiP_4Ul0LDTIA/viewform
801,https://docs.google.com/forms/d/e/1FAIpQLSf53Ch3O4nDpwB7e16LV0PUMEe-DVYOk6V6tQTMWU4KCMOqzA/viewform
800,https://docs.google.com/forms/d/e/1FAIpQLSfFP4iszJPOap1Lj8nyZZpLkGp61KfKsBchTg5hSwpDwjOw_g/viewform
799,https://docs.google.com/forms/d/e/1FAIpQLSeuh-vd25DXXi8RKl9XHXG90zxCJFRk8lS3TYdc7JnyzLFwtw/viewform
798,https://docs.google.com/forms/d/e/1FAIpQLSeA71ogdTJDaNI2ZgveC-7ojuM799D86-X6pHak1nx1zfggWw/viewform
797,https://docs.google.com/forms/d/e/1FAIpQLSf74W8CN08MS3fFpgNZEr6B5XETLof5GmysjvxCERwWWcZugg/viewform
796,https://docs.google.com/forms/d/e/1FAIpQLSeJN6Arnef-8A_lBCjOgmvfo5vV-iYRM0Mh0DaDQQKikvsC3g/viewform
795,https://docs.google.com/forms/d/e/1FAIpQLScMnG7uNwC4bR5JZyGmerMsGpMnRLmIIKWulmpY_g-BR8W5rw/viewform
794,https://docs.google.com/forms/d/e/1FAIpQLSeGTS8g47yJ5NarZQ5bH6x3srOKfOwvyn9FL1tH_uquyk1vUQ/viewform
793,https://docs.google.com/forms/d/e/1FAIpQLScYUlkD1DRdKpubHT_3SiDHZe7ZGGou6QwQzKncFsY4b11WvQ/viewform
792,https://docs.google.com/forms/d/e/1FAIpQLSewWywhIZbdUUyoQpuscIGRRAxXnAULshqUKuq8K4jNarukxw/viewform
791,https://docs.google.com/forms/d/e/1FAIpQLSe8WjnNb1AVueQ70L319IZLMMyjIOJPpyMTsNqDCHp0YXKJfQ/viewform
747,https://docs.google.com/forms/d/e/1FAIpQLSfs-maLm783MdGDpGpa80diKEFPdg29aGoteZaUm0IizcXc1w/viewform
746,https://docs.google.com/forms/d/e/1FAIpQLSd_qeDFZUGnbGuNq4yuKNIBRp9NWfBN9qHtRCLTrj1ejLQJAQ/viewform
745,https://docs.google.com/forms/d/e/1FAIpQLSfREPqUCGpjbbZx2vPQ-KsS4wknHsNV0kTGxXBtdTdABNp8tA/viewform
744,https://docs.google.com/forms/d/e/1FAIpQLSdU0HuQi9STaQDnRhJX1xtGP9UQrdQcLJ18tlJCrJ0aCONnDg/viewform
743,https://docs.google.com/forms/d/e/1FAIpQLScfj2MLvUKWIRlFJIoLOKvcAN2Kj5rcQfnjQJcYTXifE2WWvQ/viewform
742,https://docs.google.com/forms/d/e/1FAIpQLSe-01NzF_gMtC6QkryIZAKIM24HacI3MpPiYT4HITZ5v8EBbQ/viewform
741,https://docs.google.com/forms/d/e/1FAIpQLSekgZ1lPVdIOdPkfiGrTGLbW2BjZ3lurT6BML3Ww7zTPML9fA/viewform
740,https://docs.google.com/forms/d/e/1FAIpQLSd1F7CfdZKLwHLnTEtzO5S48ZseeA0zuD_My4pjo2Tnc-HMjg/viewform
739,https://docs.google.com/forms/d/e/1FAIpQLScVl34qyY5194k5Lp5Nw0QBh7lpGCFMQSulsstsf-Ar9GPq_Q/viewform
738,https://docs.google.com/forms/d/e/1FAIpQLScm6Ki08vRUJ8svG-S0a0f6ZN6jQN1FVlB25fkJwcUVeLgJSA/viewform
737,https://docs.google.com/forms/d/e/1FAIpQLSerkcGO7DxQcX9i2Rz2u0gkwHiBOhZoGOLa2mVgZs91MRabzA/viewform
736,https://docs.google.com/forms/d/e/1FAIpQLScd0ar3rJejlSppSxjAQPs-5TI_TB0WuZA2t93DgrtZtBZPoQ/viewform
735,https://docs.google.com/forms/d/e/1FAIpQLSeWsZqKO9grPUNN8CjKrRSzY7HBNvnbsVH4gEL_JgDr-VWKXg/viewform
734,https://docs.google.com/forms/d/e/1FAIpQLSdG9hEa7BZe_Jp-M3WRVn-gl0KaaUMQXov7W9Mb4Q7iVTkzUA/viewform
733,https://docs.google.com/forms/d/e/1FAIpQLScHXMk1vnBhmCqGF39k5d1pUi06KQP9Xu7t5pTMm2lw2xFKnQ/viewform
732,https://docs.google.com/forms/d/e/1FAIpQLSc26kbsF5rT5sn3FyJugeTbO8HZFTadFXTT9JS6ve9I9MSEJg/viewform
731,https://docs.google.com/forms/d/e/1FAIpQLSedLvjZJaUEeeYBVXjmaInwKA5GaFEbYuVz1RX8a3WP9Kn8EQ/viewform
730,https://docs.google.com/forms/d/e/1FAIpQLSfd0003xqIoN8RCVarxRs-ymFQe8OHYlDw40qOmiCs2LpzNoA/viewform
729,https://docs.google.com/forms/d/e/1FAIpQLScwi-tYbDQtlRp_n-Puo6VFhSI2DyuAjWuzskBTX0EzK1Bekg/viewform
728,https://docs.google.com/forms/d/e/1FAIpQLSewFCVvF-WD33loBbTjNdXf7IF2iyYKhZs9rg5H1OzX39rfVw/viewform
727,https://docs.google.com/forms/d/e/1FAIpQLSf1uItlSvh_shmw2irk3GuQTL4mj7NjduGVlh8ApUOkBd6bCg/viewform
726,https://docs.google.com/forms/d/e/1FAIpQLSf5qw-2oUyphX0o_CAr71UgxgJF7t6pAEyK7DUuM8ujEAe4lw/viewform
725,https://docs.google.com/forms/d/e/1FAIpQLSdTLe9OQfR43rY72TQXb8bgkZT2z2ejLO-m9xdQSt4HbVKeSA/viewform
724,https://docs.google.com/forms/d/e/1FAIpQLScd-06A-of8W_2JLVol_taxZ26HDL2Bbbt6Hjkj2qCANiMBhA/viewform
723,https://docs.google.com/forms/d/e/1FAIpQLSev5rgrrk2_oJ_oqoOdcR8544p0l5OkrtWx4sIOKYUOkHkwPw/viewform
722,https://docs.google.com/forms/d/e/1FAIpQLScSW7JYPsIa6uMDMRk1Jw0ZaxgH1Kr7k88Hbk9rdTcAvYmfVA/viewform
721,https://docs.google.com/forms/d/e/1FAIpQLScz_Hxu_tTdODi-YqnNOXobbxjhixnAPYjg7NXU3n5lcXyZNQ/viewform
720,https://docs.google.com/forms/d/e/1FAIpQLSdqw_qUR2fv4qmgIzo6_bLGpZNN-y8j6u97kBsDcXjjwVFnCA/viewform
719,https://docs.google.com/forms/d/e/1FAIpQLSdHtWQeNcwgCsMyePsqCltMRvQqBqZqErls446YsUlpjC2SJw/viewform
718,https://docs.google.com/forms/d/e/1FAIpQLSfpvWnKYEO86QJEjLRlpXDZJ41V33tO5EBK41nXk1zGjuuV9g/viewform
717,https://docs.google.com/forms/d/e/1FAIpQLSc0KSGOcILKtNaTQAygSLjnrcnPHiD4LZJwweEUfmOSOfFrmg/viewform
716,https://docs.google.com/forms/d/e/1FAIpQLSfEQQrn7k88wNsR_0hagPW1kRkY5X8S0M-xNQ6DP1J4Bt2KQQ/viewform
715,https://docs.google.com/forms/d/e/1FAIpQLSeKJ5Le79Q-rSuW2gJvmQQe-Ub5NKPvHc0aa3wnHl5cy6egrA/viewform
714,https://docs.google.com/forms/d/e/1FAIpQLScsf_NEXMFX-QKJawIT5p_RfQuFYePJdjyLRQHAVma8mOdpPw/viewform
150,https://docs.google.com/forms/d/e/1FAIpQLSduwWRbgURUBdxxJrpMIZ06yMs-0x14o9lDRa4GOrZ6QnbkFg/viewform
148,https://docs.google.com/forms/d/e/1FAIpQLSc4GEsGttQxzctj62IEesLfkvaqd9tYzaLEGwymuddNsf-CZg/viewform
147,https://docs.google.com/forms/d/e/1FAIpQLScjRVdAqEgJSf1WwpMwIBqHS2GJ4lvIK78jxuoq9NCOz1edKA/viewform
146,https://docs.google.com/forms/d/e/1FAIpQLSfG6c3t6Ayy9yQNG6KZJLdI0ncn5XGLdebdqpd0Lk62qdHinQ/viewform
145,https://docs.google.com/forms/d/e/1FAIpQLSfM8aNQf_gP9uxuUyweBnaCqAM2qb3tHsqRJuUiNKRmlvhftQ/viewform
144,https://docs.google.com/forms/d/e/1FAIpQLSfSOxdoPmtxzvKKoi51iLm-zSRf5PClXRYQRtPdtxcvFOxu4g/viewform
143,https://docs.google.com/forms/d/e/1FAIpQLSejiSoIVMdBW6JxOhfId0ZaN2nnjHwCO77VrTkRBpsIB60sXw/viewform
142,https://docs.google.com/forms/d/e/1FAIpQLSevJhZG0rLgcA8k1KZ9ojnF3KwUnWrWyE4DjRHZkfHiX1SQHg/viewform
140,https://docs.google.com/forms/d/e/1FAIpQLSeN3TudG6J23fyBK4t1DMDCtLFQzW280zegP-2D2iGlEChnVg/viewform
138,https://docs.google.com/forms/d/e/1FAIpQLSePmgOWL9TV7xGazUgxleGzev_YmkV8FHf_9ZMrMoiMYsLZxA/viewform
137,https://docs.google.com/forms/d/e/1FAIpQLSdXe6c57Tk_UmSUHg4PkfTZuAPS0NG0QkJOyM7VxKtJjIZUmw/viewform
136,https://docs.google.com/forms/d/e/1FAIpQLSeWxgM9FVcl8BYBq67PFw9cnhlEA_7XPeEFEfpgJvtuolibxQ/viewform
131,https://docs.google.com/forms/d/e/1FAIpQLScC8fJxRw6vyJSYZnWiXwclTQi363IobzM3108m5VyeJWkGtw/viewform
130,https://docs.google.com/forms/d/e/1FAIpQLSfPqWfLnW4N_nqwZ2529wHpe6HtTGbYYFy00VkgAn607wMHYQ/viewform
127,https://docs.google.com/forms/d/e/1FAIpQLSeE5Ei6-yra5FbLAorDDGdSR79OlehA8VZpNJinmIG_O73rxg/viewform
126,https://docs.google.com/forms/d/e/1FAIpQLSdq_J_Lz1ejsKFdDUvEQuv82UQhfxj6BfWDIus6y0Bt1W39sA/viewform
125,https://docs.google.com/forms/d/e/1FAIpQLSd9C8yLh4aFHSpDITUZ_1c5EfLY70QJzNCCRGf2FXn1K30nbw/viewform
124,https://docs.google.com/forms/d/e/1FAIpQLSeLI5Nq7tlWJBGGGHOD1Creu1-yX7dI_7wNNHI8Y8Ci9lfJNQ/viewform
121,https://docs.google.com/forms/d/e/1FAIpQLSfEtJkVoviWnlXBcCQuc_o-q9sd7n4A6bLgDiNeExBAnYFqgw/viewform
113,https://docs.google.com/forms/d/e/1FAIpQLSdLdnPXMjFNhjIeiprT9X2OHGm5fOo2FFg506ywXAbZ3enbNA/viewform
112,https://docs.google.com/forms/d/e/1FAIpQLSeFTDLq9Ci9sfw5zhCTfqEmmOFr-sUuYZgYFwzfcoksqP69Qw/viewform
109,https://docs.google.com/forms/d/e/1FAIpQLSd_eUEHFKuIerf-1ZuqqvffZ_jNdWeA7Z5nn7GHoA7Hh6tAyg/viewform
106,https://docs.google.com/forms/d/e/1FAIpQLSdDNIad8aseekeECAh6xbrJDcuCqV8mJ0K8n_CMDWZKoUodRA/viewform
98,https://docs.google.com/forms/d/e/1FAIpQLSfRfMvB13tiJxnOJSzVuu7La4eK7Py5zaakTNg2tQ12atTAEQ/viewform
97,https://docs.google.com/forms/d/e/1FAIpQLSdPTqNAHvLBcvZU6VAhdyJAEFmA79pZMIRPYAP9MzXbrUl-wg/viewform
96,https://docs.google.com/forms/d/e/1FAIpQLSeD8Gqhf5Oka1q8_pheGKjLxh46J20Pf5rU9MTNQoQ9aZGkPA/viewform
95,https://docs.google.com/forms/d/e/1FAIpQLSejD8i1OyQ9F-zqNT7s9vWPCS2dlB1yUdbcPmcWNPTW7zbE1Q/viewform
94,https://docs.google.com/forms/d/e/1FAIpQLSe-fPbXPcK6XvGlHHe8N3QqdA8HT7RBUHqJobqkKOzL5TMciw/viewform
86,https://docs.google.com/forms/d/e/1FAIpQLSflsP6535ikduFsigXtZjp7ZoyN65V4r8GsbEGaX8YBKZyxCw/viewform
85,https://docs.google.com/forms/d/e/1FAIpQLSd_bwWgiyDlb513IlGYxR-IF4jjSoPc3bzfB-eXrd0NDMD-4Q/viewform
83,https://docs.google.com/forms/d/e/1FAIpQLScqQkntECagISWw7bGYsV205Prqlzjso9W7mfk6E5Xdtw8CFQ/viewform
82,https://docs.google.com/forms/d/e/1FAIpQLSeLgkfEgUOLWxsxubUMPhwC8DjiQrzDJejz1bNhLNbD8HReIQ/viewform
81,https://docs.google.com/forms/d/e/1FAIpQLSfijRM7_Es0DSu0CE58QKRfyoXtS5sS2OI5D-9LphjCoF-H1A/viewform
79,https://docs.google.com/forms/d/e/1FAIpQLSfMiJFWrz2_2rQ2l3d66uTyvN3xNMWsTqUDjf1bEfpZEIxSvg/viewform
75,https://docs.google.com/forms/d/e/1FAIpQLSdXX6TzSdXJo_45b2gRvUeIFjCH1-ppz1dxGxXGsvWs3urryQ/viewform
70,https://docs.google.com/forms/d/e/1FAIpQLSezQKYOEuFOi6EcYNunmZnFIm6vLcxVcyEtD1d_zxhT6AI0Mw/viewform
69,https://docs.google.com/forms/d/e/1FAIpQLScFaejZrk0Bp9ofDYc3ssbKMkiYCf6-qwM1N2vTnthBpevIJw/viewform
68,https://docs.google.com/forms/d/e/1FAIpQLSelTZEXMBjJN1UYme6ExxSrxr92h-gqYk6EWvBoJJE52gI5gQ/viewform
65,https://docs.google.com/forms/d/e/1FAIpQLSfkPCcxxUo7XuLl0fX3boSYVoJ-PEcxQx90S8KeM1PL5JZnxw/viewform
60,https://docs.google.com/forms/d/e/1FAIpQLSdnn6292agTZrbMCx72YS8D8XmthZ25g18SV86SOUaPV_phlA/viewform
59,https://docs.google.com/forms/d/e/1FAIpQLSf8ucd587ebqUW_nXpszEpZG4ZjuVMV72SAugDRGgNbe2pwHg/viewform
58,https://docs.google.com/forms/d/e/1FAIpQLSe6qCr0vjG9qTFfB9rxpVNRUIKq1LXZ1mk5zdiqcEBJajUh-g/viewform
53,https://docs.google.com/forms/d/e/1FAIpQLSdq6-oWg3p9qQlcI2c66UBshf5KzMJyMPxed_FLgHB5syjNnA/viewform
50,https://docs.google.com/forms/d/e/1FAIpQLSfoUaBFmyE6XKOcLuRPuTKgExISHTYlyycGXrFtNbpiwRZ7sw/viewform
48,https://docs.google.com/forms/d/e/1FAIpQLSdhpxQcVJBYN0FB3Bfhhy44nK_0ZGgzbfQYg58kzIBYU_kCSQ/viewform
46,https://docs.google.com/forms/d/e/1FAIpQLSfc0Qtbu3ugo4M-3O8JIcdoWdrBaUL9D2os5tzr0sdGU05gvA/viewform
37,https://docs.google.com/forms/d/e/1FAIpQLScZWxSZrC5G6gHsO4cJ-9Oxkd8WhAg6JDZCj7HCOjwAweMIzg/viewform
36,https://docs.google.com/forms/d/e/1FAIpQLSc_fI7PulfwjMw0FQ5I_j6p9Zxc6QnegBlDny0NxtFBtI8y1w/viewform
35,https://docs.google.com/forms/d/e/1FAIpQLSdrdALzFncbkBlkhnG500g36M3vOqnv8cqnPhVqueUqKlNHfw/viewform
31,https://docs.google.com/forms/d/e/1FAIpQLSf84c1pX7xmHrNkoHHTP432yaVN4VnXqrhzyv6D9OPEIm4w1g/viewform
29,https://docs.google.com/forms/d/e/1FAIpQLSdx6pTDKk_rQUvihO3DYwUaHT1pUHmLrM4d7K_a6_stO5LWZA/viewform
18,https://docs.google.com/forms/d/e/1FAIpQLScmdOhKJOm3d-7rjacfw63tm3toj1jB_g2Pmn1CED8SATy9Zw/viewform
13,https://docs.google.com/forms/d/e/1FAIpQLSfM96ZFRR4zltvCjv-vNO8NFpVjbmGPigRN4yDOqYKsYtIQGw/viewform
12,https://docs.google.com/forms/d/e/1FAIpQLSePq9YayaaiTeoHDV5ck13V6b61VyJR7fLZQRaricI5PU45bA/viewform
11,https://docs.google.com/forms/d/e/1FAIpQLSdRLKuboLOCStEnx_l-X3PtaNKhYecX9fOnww9gqzWepA_tTg/viewform